<?xml version="1.0"?>
<ArrayOfEventProps xmlns:xsi="http://www.w3.org/2001/XMLSchema-instance" xmlns:xsd="http://www.w3.org/2001/XMLSchema">
  <EventProps>
    <ID>1</ID>
    <userID>1</userID>
    <date>2016-04-15T16:07:01.9875548-07:00</date>
    <title>First Event</title>
    <description>This is the description of the first event</description>
    <ConcurrencyID>0</ConcurrencyID>
  </EventProps>
  <EventProps>
    <ID>2</ID>
    <userID>1</userID>
    <date>2016-04-15T16:07:01.9875548-07:00</date>
    <title>Second Event</title>
    <description>This is the description of the second event</description>
    <ConcurrencyID>0</ConcurrencyID>
  </EventProps>
</ArrayOfEventProps>